Nombre cliente;Marca;Modelo;Numero serie;Tipo
Airlab Consulting S.A.S.;Grimm;EDM180C;18A21058;Monitor de Material Particulado PM10/PM2.5
Airlab Consulting S.A.S.;Grimm;EDM180C;18A19035;Monitor de Material Particulado PM10/PM2.5
Asistencia y Monitoreo Ambiental Planeta Azul Ltda.;Grimm;EDM180C;18A18101;Monitor de Material Particulado PM10/PM2.5
Asistencia y Monitoreo Ambiental Planeta Azul Ltda.;Grimm;EDM180C;18A18102;Monitor de Material Particulado PM10/PM2.5
Asistencia y Monitoreo Ambiental Planeta Azul Ltda.;Grimm;EDM180C;18A18103;Monitor de Material Particulado PM10/PM2.5
Asistencia y Monitoreo Ambiental Planeta Azul Ltda.;Grimm;EDM180C;18A20086;Monitor de Material Particulado PM10/PM2.5
Asistencia y Monitoreo Ambiental Planeta Azul Ltda.;Horiba;APNA-370;8NB2RRLS;Analizador de Óxidos de Nitrógeno (NOx/NO2/NO)
Asistencia y Monitoreo Ambiental Planeta Azul Ltda.;Horiba;APNA-370;P7P8MW1M;Analizador de Óxidos de Nitrógeno (NOx/NO2/NO)
Asistencia y Monitoreo Ambiental Planeta Azul Ltda.;Horiba;APNA-370;PA41SRTN;Analizador de Óxidos de Nitrógeno (NOx/NO2/NO)
Asistencia y Monitoreo Ambiental Planeta Azul Ltda.;Horiba;APNA-370;7B70WMYP;Analizador de Óxidos de Nitrógeno (NOx/NO2/NO)
Asistencia y Monitoreo Ambiental Planeta Azul Ltda.;Horiba;APMA-370;P7CBDNLC;Analizador de Monóxido de Carbono (CO)
Asistencia y Monitoreo Ambiental Planeta Azul Ltda.;Horiba;APOA-370;K0RFHC7L;Analizador de Ozono (O3)
Asistencia y Monitoreo Ambiental Planeta Azul Ltda.;Horiba;APSA-370;B45H0D2F;Analizador de Dióxido de Azufre (SO2)
Asistencia y Monitoreo Ambiental Planeta Azul Ltda.;Horiba;APSA-370;RRWV1F42;Analizador de Dióxido de Azufre (SO2)
Asistencia y Monitoreo Ambiental Planeta Azul Ltda.;Horiba;APSA-370;UPT60U7V;Analizador de Dióxido de Azufre (SO2)
Asistencia y Monitoreo Ambiental Planeta Azul Ltda.;Horiba;APSA-370;4P027475;Analizador de Dióxido de Azufre (SO2)
Asistencia y Monitoreo Ambiental Planeta Azul Ltda.;Environics;6103;9083;Calibrador Multigas
Asistencia y Monitoreo Ambiental Planeta Azul Ltda.;Environics;7000;9084;Generador de Aire Cero
AGQ Colombia S.A.S;Grimm;EDM180D;18A09099;Monitor de Material Particulado PM10/PM2.5
AGQ Colombia S.A.S;Grimm;EDM180D;18A09100;Monitor de Material Particulado PM10/PM2.5
AGQ Colombia S.A.S;Grimm;EDM180D;18A10077;Monitor de Material Particulado PM10/PM2.5
AGQ Colombia S.A.S;Grimm;EDM180D;18A10078;Monitor de Material Particulado PM10/PM2.5
AGQ Colombia S.A.S;Grimm;EDM180D;18A11031;Monitor de Material Particulado PM10/PM2.5
AGQ Colombia S.A.S;Grimm;EDM180D;18A11049;Monitor de Material Particulado PM10/PM2.5
AGQ Colombia S.A.S;Grimm;EDM180D;18A12041;Monitor de Material Particulado PM10/PM2.5
AGQ Colombia S.A.S;Grimm;EDM180D;18A12043;Monitor de Material Particulado PM10/PM2.5
AGQ Colombia S.A.S;Grimm;EDM180C;18A12044;Monitor de Material Particulado PM10/PM2.5
AGQ Colombia S.A.S;Grimm;EDM180D;18A12045;Monitor de Material Particulado PM10/PM2.5
AGQ Colombia S.A.S;Grimm;EDM180D;18A12046;Monitor de Material Particulado PM10/PM2.5
AGQ Colombia S.A.S;Grimm;EDM180D;18A12047;Monitor de Material Particulado PM10/PM2.5
AGQ Colombia S.A.S;Grimm;EDM180D;18A12048;Monitor de Material Particulado PM10/PM2.5
AGQ Colombia S.A.S;Grimm;EDM180D;18A12049;Monitor de Material Particulado PM10/PM2.5
AGQ Colombia S.A.S;Grimm;EDM180D;18A12050;Monitor de Material Particulado PM10/PM2.5
AGQ Colombia S.A.S;Grimm;EDM180D;18A12051;Monitor de Material Particulado PM10/PM2.5
AGQ Colombia S.A.S;Grimm;EDM180D;18A12052;Monitor de Material Particulado PM10/PM2.5
AGQ Colombia S.A.S;Grimm;EDM180D;18A12053;Monitor de Material Particulado PM10/PM2.5
AGQ Colombia S.A.S;Grimm;EDM180D;18A12054;Monitor de Material Particulado PM10/PM2.5
AGQ Colombia S.A.S;Grimm;EDM180D;18A12062;Monitor de Material Particulado PM10/PM2.5
AGQ Colombia S.A.S;Horiba;PG-350Z;C27PBEA9;Sistema de medición portátil de emisiones
Abkai Sensor & Electronics;Horiba;VA-5001;U53PT2E5;Analizador de gases multicomponente
Abkai Sensor & Electronics;Horiba;VA-5001;RMD2VCH0;Analizador de gases multicomponente
Abkai Sensor & Electronics;Horiba;VA-5001;V811RHXJ;Analizador de gases multicomponente
Ada & Compañía S.A.S.;Horiba;APOA-370;LH9K863Y;Analizador de Ozono (O3)
Ada & Compañía S.A.S.;Horiba;APNA-370;YKL0WCYP;Analizador de Óxidos de Nitrógeno (NOx/NO2/NO)
Ada & Compañía S.A.S.;Horiba;APNA-370;T31CM423;Analizador de Óxidos de Nitrógeno (NOx/NO2/NO)
Ada & Compañía S.A.S.;Horiba;APNA-370;L81G2DR1;Analizador de Óxidos de Nitrógeno (NOx/NO2/NO)
Ada & Compañía S.A.S.;Horiba;APMA-370;XEY7K00D;Analizador de Monóxido de Carbono (CO)
Ada & Compañía S.A.S.;Horiba;APNA-370;G7XN342T;Analizador de Óxidos de Nitrógeno (NOx/NO2/NO)
Ambienciq Ingenieros S.A.S.;Horiba;APMA-370;U7D80D0J;Analizador de Monóxido de Carbono (CO)
Ambienciq Ingenieros S.A.S.;Horiba;APMA-370;V0LGWKJV;Analizador de Monóxido de Carbono (CO)
Ambienciq Ingenieros S.A.S.;Horiba;APMA-370;RLPGAG8K;Analizador de Monóxido de Carbono (CO)
Ambienciq Ingenieros S.A.S.;Horiba;APMA-370;2V0CY0DC;Analizador de Monóxido de Carbono (CO)
Ambienciq Ingenieros S.A.S.;Horiba;APMA-370;V440EL8D;Analizador de Monóxido de Carbono (CO)
Ambienciq Ingenieros S.A.S.;Horiba;APMA-370;NS3YUFSN;Analizador de Monóxido de Carbono (CO)
Ambienciq Ingenieros S.A.S.;Horiba;APMA-370;SH9PSSJ0;Analizador de Monóxido de Carbono (CO)
Ambienciq Ingenieros S.A.S.;Horiba;APMA-370;SSVEXSG8;Analizador de Monóxido de Carbono (CO)
Ambienciq Ingenieros S.A.S.;Horiba;APMA-370;YJ2NGM38;Analizador de Monóxido de Carbono (CO)
Ambienciq Ingenieros S.A.S.;Horiba;APMA-370;P8K78TFN;Analizador de Monóxido de Carbono (CO)
Ambienciq Ingenieros S.A.S.;Horiba;APNA-370;59UL0LXT;Analizador de Óxidos de Nitrógeno (NOx/NO2/NO)
Ambienciq Ingenieros S.A.S.;Horiba;APNA-370;AE0FUTTH;Analizador de Óxidos de Nitrógeno (NOx/NO2/NO)
Ambienciq Ingenieros S.A.S.;Horiba;APNA-370;REBXU06B;Analizador de Óxidos de Nitrógeno (NOx/NO2/NO)
Ambienciq Ingenieros S.A.S.;Horiba;APNA-370;L2561A1S;Analizador de Óxidos de Nitrógeno (NOx/NO2/NO)
Ambienciq Ingenieros S.A.S.;Horiba;APNA-370;N4CAMPC1;Analizador de Óxidos de Nitrógeno (NOx/NO2/NO)
Ambienciq Ingenieros S.A.S.;Horiba;APNA-370;YNG1LPVS;Analizador de Óxidos de Nitrógeno (NOx/NO2/NO)
Ambienciq Ingenieros S.A.S.;Horiba;APNA-370;WK00KT15;Analizador de Óxidos de Nitrógeno (NOx/NO2/NO)
Ambienciq Ingenieros S.A.S.;Horiba;APNA-370;PSW7965T;Analizador de Óxidos de Nitrógeno (NOx/NO2/NO)
Ambienciq Ingenieros S.A.S.;Horiba;APNA-370;EX4RN4SL;Analizador de Óxidos de Nitrógeno (NOx/NO2/NO)
Ambienciq Ingenieros S.A.S.;Horiba;APNA-370;S2X9CPH3;Analizador de Óxidos de Nitrógeno (NOx/NO2/NO)
Ambienciq Ingenieros S.A.S.;Horiba;APNA-370;6PH3XVGB;Analizador de Óxidos de Nitrógeno (NOx/NO2/NO)
Ambienciq Ingenieros S.A.S.;Horiba;APSA-370;MF75X0PV;Analizador de Dióxido de Azufre (SO2)
Ambienciq Ingenieros S.A.S.;Horiba;APSA-370;1W9EXT0R;Analizador de Dióxido de Azufre (SO2)
Ambienciq Ingenieros S.A.S.;Horiba;APNA-370;EU9UDEHC;Analizador de Óxidos de Nitrógeno (NOx/NO2/NO)
Ambienciq Ingenieros S.A.S.;Horiba;APSA-370;V3BW1WJD;Analizador de Dióxido de Azufre (SO2)
Ambienciq Ingenieros S.A.S.;Horiba;APOA-370;RPY6WL04;Analizador de Ozono (O3)
Ambienciq Ingenieros S.A.S.;Horiba;APOA-370;NW65P7TU;Analizador de Ozono (O3)
Ambienciq Ingenieros S.A.S.;Horiba;APOA-370;VAL3GUE3;Analizador de Ozono (O3)
Ambienciq Ingenieros S.A.S.;Horiba;APOA-370;GJBEBKE6;Analizador de Ozono (O3)
Ambienciq Ingenieros S.A.S.;Horiba;APOA-370;NPARYXJ9;Analizador de Ozono (O3)
Ambienciq Ingenieros S.A.S.;Horiba;APOA-370;PTKUMKS8;Analizador de Ozono (O3)
Ambienciq Ingenieros S.A.S.;Horiba;APOA-370;V5T7C99G;Analizador de Ozono (O3)
Ambienciq Ingenieros S.A.S.;Horiba;APOA-370;WBK9HGW3;Analizador de Ozono (O3)
Ambienciq Ingenieros S.A.S.;Horiba;APOA-370;JU3JF0M9;Analizador de Ozono (O3)
Ambienciq Ingenieros S.A.S.;Grimm;EDM180C;18A22005;Monitor de Material Particulado PM10/PM2.5
Ambienciq Ingenieros S.A.S.;Grimm;EDM180C;18A23029;Monitor de Material Particulado PM10/PM2.5
Analquim Ltda.;Grimm;EDM180C;18A17065;Monitor de Material Particulado PM10/PM2.5
Analquim Ltda.;Grimm;EDM180C;18A19034;Monitor de Material Particulado PM10/PM2.5
Analquim Ltda.;Grimm;EDM180C;18A19036;Monitor de Material Particulado PM10/PM2.5
Analquim Ltda.;Grimm;EDM180C;18A19043;Monitor de Material Particulado PM10/PM2.5
Analquim Ltda.;Horiba;APNA-370;JV765TV0;Analizador de Óxidos de Nitrógeno (NOx/NO2/NO)
Analquim Ltda.;Horiba;APNA-370;WVSNWSF7;Analizador de Óxidos de Nitrógeno (NOx/NO2/NO)
Agrosoluciones Ambientales S.A.S. - ASOAM;Horiba;U-51;UX29Y0E3;Sonda multiparamétrica - Agua
Agrosoluciones Ambientales S.A.S. - ASOAM;Horiba;APNA-370;T5DMLT1N;Analizador de Óxidos de Nitrógeno (NOx/NO2/NO)
Camposol Colombia S.A.S.;Horiba;LAQUAtwin-Na-11;GJ2G0182;Medidor de Sodio (Na) - Agua
Camposol Colombia S.A.S.;Horiba;LAQUAtwin-NO3-11C;GN2H0028;Medidor de Nitratos (NO3) - Agua
Camposol Colombia S.A.S.;Horiba;LAQUAtwin-Ec-11;GD2K0002;Medidor de Conductividad (EC) - Agua
Camposol Colombia S.A.S.;Horiba;LAQUAtwin-K-11;GK2E0021;Medidor de Potasio (K) - Agua
Camposol Colombia S.A.S.;Horiba;LAQUAtwin-Ca-11;GL2D0135;Medidor de Calcio (Ca) - Agua
Camposol Colombia S.A.S.;Horiba;LAQUAtwin-PH-11;GK2E0021;Medidor de pH (pH) - Agua
Centro De Investigación De La Caña De Azúcar De Colombia - CENICAÑA;Grimm;EDM180C;18A20058;Monitor de Material Particulado PM10/PM2.5
Centro De Investigación De La Caña De Azúcar De Colombia - CENICAÑA;Grimm;EDM180C;18A20059;Monitor de Material Particulado PM10/PM2.5
Centro De Investigación De La Caña De Azúcar De Colombia - CENICAÑA;Grimm;EDM180C;18A20060;Monitor de Material Particulado PM10/PM2.5
Centro De Investigación De La Caña De Azúcar De Colombia - CENICAÑA;Grimm;EDM180C;18A21080;Monitor de Material Particulado PM10/PM2.5
Centro De Investigación De La Caña De Azúcar De Colombia - CENICAÑA;Grimm;EDM180C;18A22081;Monitor de Material Particulado PM10/PM2.5
Chemical Laboratory S.A.S. - CHEMILAB S.A.S.;Grimm;EDM180C;18A19042;Monitor de Material Particulado PM10/PM2.5
Chemical Laboratory S.A.S. - CHEMILAB S.A.S.;Grimm;EDM180C;18A21013;Monitor de Material Particulado PM10/PM2.5
Chemical Laboratory S.A.S. - CHEMILAB S.A.S.;Grimm;EDM180C;18A21014;Monitor de Material Particulado PM10/PM2.5
Chemical Laboratory S.A.S. - CHEMILAB S.A.S.;Grimm;EDM180C;18A21015;Monitor de Material Particulado PM10/PM2.5
Chemical Laboratory S.A.S. - CHEMILAB S.A.S.;Grimm;EDM180C;18A21041;Monitor de Material Particulado PM10/PM2.5
Chemical Laboratory S.A.S. - CHEMILAB S.A.S.;Grimm;EDM180C;18A21042;Monitor de Material Particulado PM10/PM2.5
Chemical Laboratory S.A.S. - CHEMILAB S.A.S.;Grimm;EDM180C;18A21059;Monitor de Material Particulado PM10/PM2.5
Chemical Laboratory S.A.S. - CHEMILAB S.A.S.;Grimm;EDM180C;18A21060;Monitor de Material Particulado PM10/PM2.5
Chemical Laboratory S.A.S. - CHEMILAB S.A.S.;Grimm;EDM180C;18A21076;Monitor de Material Particulado PM10/PM2.5
Chemical Laboratory S.A.S. - CHEMILAB S.A.S.;Grimm;EDM180C;18A24065;Monitor de Material Particulado PM10/PM2.5
Chemical Laboratory S.A.S. - CHEMILAB S.A.S.;Grimm;EDM180C;18A24066;Monitor de Material Particulado PM10/PM2.5
Chemical Laboratory S.A.S. - CHEMILAB S.A.S.;Grimm;EDM180C;18A24067;Monitor de Material Particulado PM10/PM2.5
Chemical Laboratory S.A.S. - CHEMILAB S.A.S.;Grimm;EDM180C;18A24068;Monitor de Material Particulado PM10/PM2.5
Chemical Laboratory S.A.S. - CHEMILAB S.A.S.;Grimm;EDM180C;18A24069;Monitor de Material Particulado PM10/PM2.5
Chemical Laboratory S.A.S. - CHEMILAB S.A.S.;Grimm;EDM180C;18A24070;Monitor de Material Particulado PM10/PM2.5
CMA Laboratorio y Tecnología S.A.S.;Horiba;APOA-370;3X0ND064;Analizador de Ozono (O3)
CMA Laboratorio y Tecnología S.A.S.;Horiba;APNA-370;926L0LFB;Analizador de Óxidos de Nitrógeno (NOx/NO2/NO)
Compañía de Proyectos Ambientales e Ingeniería S.A.S. - CPA Ingenieria S.A.S.;Horiba;APMA-370;U6RF8092;Analizador de Monóxido de Carbono (CO)
Compañía de Proyectos Ambientales e Ingeniería S.A.S. - CPA Ingenieria S.A.S.;Horiba;APNA-370;UE0A8AXP;Analizador de Óxidos de Nitrógeno (NOx/NO2/NO)
Compañía de Proyectos Ambientales e Ingeniería S.A.S. - CPA Ingenieria S.A.S.;Horiba;APSA-370;UBDC5PKH;Analizador de Dióxido de Azufre (SO2)
Compañía de Proyectos Ambientales e Ingeniería S.A.S. - CPA Ingenieria S.A.S.;Horiba;APMA-370;RWXN2KPW;Analizador de Monóxido de Carbono (CO)
Compañía de Proyectos Ambientales e Ingeniería S.A.S. - CPA Ingenieria S.A.S.;Horiba;APNA-370;VM822CSA;Analizador de Óxidos de Nitrógeno (NOx/NO2/NO)
Compañía de Proyectos Ambientales e Ingeniería S.A.S. - CPA Ingenieria S.A.S.;Horiba;APSA-370;TWE1GV69;Analizador de Dióxido de Azufre (SO2)
Compañía de Proyectos Ambientales e Ingeniería S.A.S. - CPA Ingenieria S.A.S.;Horiba;APNA-370;L7CGLR44;Analizador de Óxidos de Nitrógeno (NOx/NO2/NO)
Compañía de Proyectos Ambientales e Ingeniería S.A.S. - CPA Ingenieria S.A.S.;Horiba;APMA-370;3KY9ANGJ;Analizador de Monóxido de Carbono (CO)
Compañía de Proyectos Ambientales e Ingeniería S.A.S. - CPA Ingenieria S.A.S.;Horiba;APSA-370;68MJ88C8;Analizador de Dióxido de Azufre (SO2)
Consultora Endémica S.A.S.;Horiba;APNA-370;6N50AVK4;Analizador de Óxidos de Nitrógeno (NOx/NO2/NO)
Consultora Endémica S.A.S.;Horiba;APNA-370;XEVSEN9V;Analizador de Óxidos de Nitrógeno (NOx/NO2/NO)
Consultora Endémica S.A.S.;Horiba;APNA-370;NEJ9AH06;Analizador de Óxidos de Nitrógeno (NOx/NO2/NO)
Consultora Endémica S.A.S.;Horiba;APSA-370;3BDKSSLB;Analizador de Dióxido de Azufre (SO2)
Consultora Endémica S.A.S.;Horiba;APSA-370;URLX03H0;Analizador de Dióxido de Azufre (SO2)
Consultora Endémica S.A.S.;Horiba;APSA-370;W6W7UB63;Analizador de Dióxido de Azufre (SO2)
Consultora Endémica S.A.S.;Grimm;EDM180C;18A23026;Monitor de Material Particulado PM10/PM2.5
Consultora Endémica S.A.S.;Grimm;EDM180C;18A23027;Monitor de Material Particulado PM10/PM2.5
Consultora Endémica S.A.S.;Grimm;EDM180C;18A23028;Monitor de Material Particulado PM10/PM2.5
Corola Ambiental S.A.S.;Horiba;APMA-370;85HHP0N0;Analizador de Monóxido de Carbono (CO)
Corola Ambiental S.A.S.;Environics;6103;10881;Calibrador Multigas
Corola Ambiental S.A.S.;Environics;7000;10883;Generador de Aire Cero
Corola Ambiental S.A.S.;Horiba;APMA-370;WFW81XS2;Analizador de Monóxido de Carbono (CO)
Corola Ambiental S.A.S.;Horiba;APMA-370;PDYFHJ23;Analizador de Monóxido de Carbono (CO)
Corola Ambiental S.A.S.;Horiba;APMA-370;BFUG26UX;Analizador de Monóxido de Carbono (CO)
Corola Ambiental S.A.S.;Horiba;APMA-370;YEB0N2YW;Analizador de Monóxido de Carbono (CO)
Corola Ambiental S.A.S.;Horiba;APNA-H370;YWNS02MH;Analizador de Amoniaco (NH3)
Corola Ambiental S.A.S.;Horiba;APNA-H370;RFL6UD28;Analizador de Amoniaco (NH3)
Corola Ambiental S.A.S.;Horiba;APNA-H370;YT0SLPF4;Analizador de Amoniaco (NH3)
Corola Ambiental S.A.S.;Horiba;APNA-H370;V3B6SY8L;Analizador de Amoniaco (NH3)
Corola Ambiental S.A.S.;Horiba;CU2;R0GAJYKL;Convertidor de Amoniaco (NH3)
Corola Ambiental S.A.S.;Horiba;CU2;P1GDCKF4;Convertidor de Amoniaco (NH3)
Corola Ambiental S.A.S.;Horiba;APNA-370;PCTWMMJF;Analizador de Óxidos de Nitrógeno (NOx/NO2/NO)
Corola Ambiental S.A.S.;Horiba;APNA-370;9156R938;Analizador de Óxidos de Nitrógeno (NOx/NO2/NO)
Corola Ambiental S.A.S.;Horiba;APNA-370;31NTN86B;Analizador de Óxidos de Nitrógeno (NOx/NO2/NO)
Corola Ambiental S.A.S.;Horiba;APNA-370;KUS03MNP;Analizador de Óxidos de Nitrógeno (NOx/NO2/NO)
Corola Ambiental S.A.S.;Horiba;APNA-370;PK4S6MRC;Analizador de Óxidos de Nitrógeno (NOx/NO2/NO)
Corola Ambiental S.A.S.;Horiba;APOA-370;G22KUL6S;Analizador de Ozono (O3)
Corola Ambiental S.A.S.;Horiba;APOA-370;1T71YRV7;Analizador de Ozono (O3)
Corola Ambiental S.A.S.;Horiba;APOA-370;WKKT596N;Analizador de Ozono (O3)
Corola Ambiental S.A.S.;Horiba;APSA-H370;URV6B313;Analizador de Sulfuro de Hidrógeno (H2S)
Corola Ambiental S.A.S.;Horiba;APSA-H370;S8CGS3X5;Analizador de Sulfuro de Hidrógeno (H2S)
Corola Ambiental S.A.S.;Horiba;APSA-H370;B8RUT7HE;Analizador de Sulfuro de Hidrógeno (H2S)
Corola Ambiental S.A.S.;Horiba;APSA-H370;U60WRX1S;Analizador de Sulfuro de Hidrógeno (H2S)
Corola Ambiental S.A.S.;Horiba;APSA-H370;XRPDG3E6;Analizador de Sulfuro de Hidrógeno (H2S)
Corola Ambiental S.A.S.;Horiba;APSA-370;C6NH8XPB;Analizador de Dióxido de Azufre (SO2)
Corola Ambiental S.A.S.;Horiba;APSA-370;GH54H0TR;Analizador de Dióxido de Azufre (SO2)
Corola Ambiental S.A.S.;Horiba;APSA-370;UNAUF1NV;Analizador de Dióxido de Azufre (SO2)
Corola Ambiental S.A.S.;Horiba;APSA-370;YSRDCW3M;Analizador de Dióxido de Azufre (SO2)
Corola Ambiental S.A.S.;Horiba;APSA-370;WLAE7JE0;Analizador de Dióxido de Azufre (SO2)
Corola Ambiental S.A.S.;Horiba;APSA-370;R4X60JDP;Analizador de Dióxido de Azufre (SO2)
Corola Ambiental S.A.S.;Horiba;APSA-370;R6ED50R5;Analizador de Dióxido de Azufre (SO2)
Corola Ambiental S.A.S.;Horiba;APSA-370;TA11SVP0;Analizador de Dióxido de Azufre (SO2)
Corola Ambiental S.A.S.;Horiba;APSA-370;VYUEC80N;Analizador de Dióxido de Azufre (SO2)
Corola Ambiental S.A.S.;Horiba;AP 370 TRS;904300;Convertidor de Azufre Total Reducido (TRS)
Corola Ambiental S.A.S.;TCA;CTS 01S;7045015;Convertidor de Azufre Total Reducido (TRS)
Corola Ambiental S.A.S.;Grimm;EDM180C;18A03016;Monitor de Material Particulado PM10/PM2.5
Corola Ambiental S.A.S.;Grimm;EDM180C;18A20020;Monitor de Material Particulado PM10/PM2.5
Corola Ambiental S.A.S.;Grimm;EDM180C;18A20021;Monitor de Material Particulado PM10/PM2.5
Corola Ambiental S.A.S.;Grimm;EDM180C;18A20022;Monitor de Material Particulado PM10/PM2.5
Corola Ambiental S.A.S.;Grimm;EDM180C;18A20038;Monitor de Material Particulado PM10/PM2.5
Corola Ambiental S.A.S.;Grimm;EDM180C;18A20052;Monitor de Material Particulado PM10/PM2.5
Corola Ambiental S.A.S.;Grimm;EDM180C;18A24061;Monitor de Material Particulado PM10/PM2.5
Corola Ambiental S.A.S.;Grimm;EDM180C;18A24062;Monitor de Material Particulado PM10/PM2.5
Corola Ambiental S.A.S.;Horiba;AP 370 TRS;905358;Convertidor de Azufre Total Reducido (TRS)
Corola Ambiental S.A.S.;Horiba;AP 370 TRS;905026;Convertidor de Azufre Total Reducido (TRS)
Corola Ambiental S.A.S.;Horiba;AP 370 TRS;904885;Convertidor de Azufre Total Reducido (TRS)
Corporación Integral de Medio Ambiente CIMA;Grimm;EDM180C;18A16065;Monitor de Material Particulado PM10/PM2.5
Corporación Integral de Medio Ambiente CIMA;Grimm;EDM180C;18A18059;Monitor de Material Particulado PM10/PM2.5
Corporación Integral de Medio Ambiente CIMA;Grimm;EDM180C;18A18030;Monitor de Material Particulado PM10/PM2.5
Corporación Integral de Medio Ambiente CIMA;Grimm;EDM180C;18A18060;Monitor de Material Particulado PM10/PM2.5
Corporación Integral de Medio Ambiente CIMA;Horiba;APMA-370;W5A0NMGK;Analizador de Monóxido de Carbono (CO)
Corporación Integral de Medio Ambiente CIMA;Horiba;APMA-370;1JS71VM3;Analizador de Monóxido de Carbono (CO)
Corporación Integral de Medio Ambiente CIMA;Horiba;APNA-370;A860VPB4;Analizador de Óxidos de Nitrógeno (NOx/NO2/NO)
Corporación Integral de Medio Ambiente CIMA;Horiba;APOA-370;EWXS8ES5;Analizador de Ozono (O3)
Corporación Integral de Medio Ambiente CIMA;Horiba;APSA-370;829WE09R;Analizador de Dióxido de Azufre (SO2)
Corporación Integral de Medio Ambiente CIMA;TCA;CTS 01S;5045015;Convertidor de Azufre Total Reducido (TRS)
Corporación Integral de Medio Ambiente CIMA;Horiba;APMA-370;U403C0JJ;Analizador de Monóxido de Carbono (CO)
Corporación Integral de Medio Ambiente CIMA;Horiba;APNA-370;1XT65JR5;Analizador de Óxidos de Nitrógeno (NOx/NO2/NO)
Corporación Integral de Medio Ambiente CIMA;Horiba;APNA-370;V360VG23;Analizador de Óxidos de Nitrógeno (NOx/NO2/NO)
Corporación Integral de Medio Ambiente CIMA;Horiba;APSA-370;RW2P5JMH;Analizador de Dióxido de Azufre (SO2)
Corporación Integral de Medio Ambiente CIMA;Horiba;APSA-370;TG13HCEJ;Analizador de Dióxido de Azufre (SO2)
Corporación Integral de Medio Ambiente CIMA;Horiba;APMC-370;904261;Calibrador Multigas
Cristalería Peldar S.A;Durag;D-R 290;1311593;Opacímetro
Gecelca S.A. E.S.P.;Grimm;EDM180C;18A22052;Monitor de Material Particulado PM10/PM2.5
Gecelca S.A. E.S.P.;Grimm;EDM180C;18A20087;Monitor de Material Particulado PM10/PM2.5
Gecelca S.A. E.S.P.;Grimm;EDM180C;18A22053;Monitor de Material Particulado PM10/PM2.5
Gecelca S.A. E.S.P.;Kunak;AIR Pro;322270092;Sensor de Calidad del Aire
Gecelca S.A. E.S.P.;Kunak;AIR Pro;322270103;Sensor de Calidad del Aire
Gecelca S.A. E.S.P.;Kunak;AIR Pro;322270104;Sensor de Calidad del Aire
Geoambiental Consultores S.A.S.;Horiba;APNA-370;UMJJYLV9;Analizador de Óxidos de Nitrógeno (NOx/NO2/NO)
Geoambiental Consultores S.A.S.;Horiba;APMA-370;X6MCP81D;Analizador de Monóxido de Carbono (CO)
Geoambiental Consultores S.A.S.;Horiba;LAQUA WQ-330PCD5-K;SF4J0019;Medidor portátil multiparamétrico - Agua
Gestión y Servicios Ambientales S.A.S. - GSA S.A.S.;Horiba;ZNV-7;904096;Generador de Aire Cero
Global Bild S.A.S.;Grimm;EDM180C;18A22085;Monitor de Material Particulado PM10/PM2.5
Grupo Sierra Alta S.A.S;Horiba;APMA-370;4DKGBYCV;Analizador de Monóxido de Carbono (CO)
Grupo Sierra Alta S.A.S;Horiba;APNA-370;Y0DE0D0R;Analizador de Óxidos de Nitrógeno (NOx/NO2/NO)
Grupo Sierra Alta S.A.S;Horiba;APOA-370;JJ21FLKW;Analizador de Ozono (O3)
Grupo Sierra Alta S.A.S;Horiba;APSA-370;YBULVEJH;Analizador de Dióxido de Azufre (SO2)
Induanálisis S.A.S. - IA S.A.S.;Horiba;APMA-370;PM2B5CG9;Analizador de Monóxido de Carbono (CO)
Induanálisis S.A.S. - IA S.A.S.;Horiba;APNA-370;GMKO1HJU;Analizador de Óxidos de Nitrógeno (NOx/NO2/NO)
Induanálisis S.A.S. - IA S.A.S.;Horiba;APOA-370;DVT3NM08;Analizador de Ozono (O3)
Induanálisis S.A.S. - IA S.A.S.;Horiba;APSA-370;937MTJB2;Analizador de Dióxido de Azufre (SO2)
Induanálisis S.A.S. - IA S.A.S.;Grimm;EDM180C;18A19038;Monitor de Material Particulado PM10/PM2.5
Induanálisis S.A.S. - IA S.A.S.;Grimm;EDM180C;18A20037;Monitor de Material Particulado PM10/PM2.5
Induanálisis S.A.S. - IA S.A.S.;Grimm;EDM180C;18A20088;Monitor de Material Particulado PM10/PM2.5
Induanálisis S.A.S. - IA S.A.S.;Grimm;EDM180C;18A21091;Monitor de Material Particulado PM10/PM2.5
Induanálisis S.A.S. - IA S.A.S.;Grimm;EDM180C;18A21092;Monitor de Material Particulado PM10/PM2.5
Induanálisis S.A.S. - IA S.A.S.;Grimm;EDM180C;18A21093;Monitor de Material Particulado PM10/PM2.5
Induanálisis S.A.S. - IA S.A.S.;Grimm;EDM180C;18A21094;Monitor de Material Particulado PM10/PM2.5
Induanálisis S.A.S. - IA S.A.S.;Grimm;EDM180C;18A21095;Monitor de Material Particulado PM10/PM2.5
Induanálisis S.A.S. - IA S.A.S.;Grimm;EDM180C;18A21062;Monitor de Material Particulado PM10/PM2.5
Induanálisis S.A.S. - IA S.A.S.;Grimm;EDM180C;18A22001;Monitor de Material Particulado PM10/PM2.5
Induanálisis S.A.S. - IA S.A.S.;Grimm;EDM180C;18A22002;Monitor de Material Particulado PM10/PM2.5
Induanálisis S.A.S. - IA S.A.S.;Grimm;EDM180C;18A22054;Monitor de Material Particulado PM10/PM2.5
Induanálisis S.A.S. - IA S.A.S.;Grimm;EDM180C;18A22055;Monitor de Material Particulado PM10/PM2.5
Induanálisis S.A.S. - IA S.A.S.;Grimm;EDM180C;18A22084;Monitor de Material Particulado PM10/PM2.5
Instituto de Higiene Ambiental S.A.S.;Horiba;APOA-370;J9NCP28K;Analizador de Ozono (O3)
Instituto de Higiene Ambiental S.A.S.;Horiba;APNA-370;PFWRUXNF;Analizador de Óxidos de Nitrógeno (NOx/NO2/NO)
Instituto de Higiene Ambiental S.A.S.;Horiba;APMA-370;XL021AXX;Analizador de Monóxido de Carbono (CO)
Instituto de Higiene Ambiental S.A.S.;Grimm;EDM180C;18A18033;Monitor de Material Particulado PM10/PM2.5
Instituto de Higiene Ambiental S.A.S.;Grimm;EDM180C;18A18034;Monitor de Material Particulado PM10/PM2.5
Instituto de Higiene Ambiental S.A.S.;Grimm;EDM180C;18A18035;Monitor de Material Particulado PM10/PM2.5
MAHT Monitoreos Ambientales High Technology Ltda.;Horiba;APOA-370;4UFVB4RH;Analizador de Ozono (O3)
MAHT Monitoreos Ambientales High Technology Ltda.;Horiba;APNA-370;P0M4J4J0;Analizador de Óxidos de Nitrógeno (NOx/NO2/NO)
MCS Consultoría y Monitoreo Ambiental S.A.S.;Horiba;APOA-370;Y867YD92;Analizador de Ozono (O3)
MCS Consultoría y Monitoreo Ambiental S.A.S.;Horiba;APNA-370;V4T9LD8G;Analizador de Óxidos de Nitrógeno (NOx/NO2/NO)
MCS Consultoría y Monitoreo Ambiental S.A.S.;Horiba;APNA-370;UH40S0T9;Analizador de Óxidos de Nitrógeno (NOx/NO2/NO)
MCS Consultoría y Monitoreo Ambiental S.A.S.;Horiba;APNA-370;RG4SR6AD;Analizador de Óxidos de Nitrógeno (NOx/NO2/NO)
MCS Consultoría y Monitoreo Ambiental S.A.S.;Horiba;CU2;RUXGB0SH;Convertidor de Amoniaco (NH3)
MCS Consultoría y Monitoreo Ambiental S.A.S.;Horiba;APSA-370;9SD65XLK;Analizador de Dióxido de Azufre (SO2)
MCS Consultoría y Monitoreo Ambiental S.A.S.;Horiba;APSA-H370;F3GWNEH7;Analizador de Sulfuro de Hidrógeno (H2S)
MCS Consultoría y Monitoreo Ambiental S.A.S.;Horiba;APNA-H370;RUXGB0SH;Analizador de Amoniaco (NH3)
MCS Consultoría y Monitoreo Ambiental S.A.S.;Horiba;AP 370 TRS;905345;Convertidor de Azufre Total Reducido (TRS)
MCS Consultoría y Monitoreo Ambiental S.A.S.;Grimm;EDM180C;18A21057;Monitor de Material Particulado PM10/PM2.5
Palermo Sociedad Portuaria S.A. - Grupo Coremar;Grimm;EDM180C;18A15001;Monitor de Material Particulado PM10/PM2.5
Palermo Sociedad Portuaria S.A. - Grupo Coremar;Grimm;EDM180C;18A15002;Monitor de Material Particulado PM10/PM2.5
Palermo Sociedad Portuaria S.A. - Grupo Coremar;Grimm;EDM 280;28024038;Monitor de Material Particulado PM10/PM2.5
Palermo Sociedad Portuaria S.A. - Grupo Coremar;Grimm;EDM 280;28024035;Monitor de Material Particulado PM10/PM2.5
Palermo Sociedad Portuaria S.A. - Grupo Coremar;Grimm;WS600-UMB;272013000000;Estación Meteorológica
Palermo Sociedad Portuaria S.A. - Grupo Coremar;Grimm;WS600-UMB;42101000000;Estación Meteorológica
PSL Proanalisis S.A.S. BIC;Grimm;EDM180C;18A20125;Monitor de Material Particulado PM10/PM2.5
Sensus S.A.S.;Horiba;APMA-370;AE3BAG9W;Analizador de Monóxido de Carbono (CO)
Servicios de Ingeniería y Ambiente S.A.S. - SERAMBIENTE S.A.S.;Horiba;APNA-370;5BDUXKU4;Analizador de Óxidos de Nitrógeno (NOx/NO2/NO)
Servicios de Ingeniería y Ambiente S.A.S. - SERAMBIENTE S.A.S.;Horiba;APNA-370;S7DKKEM2;Analizador de Óxidos de Nitrógeno (NOx/NO2/NO)
Servicios de Ingeniería y Ambiente S.A.S. - SERAMBIENTE S.A.S.;Horiba;APNA-370;LL94AM73;Analizador de Óxidos de Nitrógeno (NOx/NO2/NO)
Servicios de Ingeniería y Ambiente S.A.S. - SERAMBIENTE S.A.S.;Horiba;APNA-370;VMH2YJP3;Analizador de Óxidos de Nitrógeno (NOx/NO2/NO)
Servicios de Ingeniería y Ambiente S.A.S. - SERAMBIENTE S.A.S.;Horiba;APNA-370;1U67F10J;Analizador de Óxidos de Nitrógeno (NOx/NO2/NO)
Servicios de Ingeniería y Ambiente S.A.S. - SERAMBIENTE S.A.S.;Horiba;APNA-370;XTRM2EL9;Analizador de Óxidos de Nitrógeno (NOx/NO2/NO)
Servicios de Ingeniería y Ambiente S.A.S. - SERAMBIENTE S.A.S.;Horiba;APMA-370;R9N687GA;Analizador de Monóxido de Carbono (CO)
Servicios de Ingeniería y Ambiente S.A.S. - SERAMBIENTE S.A.S.;Horiba;APMA-370;YVDN8SCN;Analizador de Monóxido de Carbono (CO)
Servicios de Ingeniería y Ambiente S.A.S. - SERAMBIENTE S.A.S.;Horiba;APSA-370;GYW4V13B;Analizador de Dióxido de Azufre (SO2)
Servicios de Ingeniería y Ambiente S.A.S. - SERAMBIENTE S.A.S.;Horiba;APMA-370;TTGS63AN;Analizador de Monóxido de Carbono (CO)
Servicios de Ingeniería y Ambiente S.A.S. - SERAMBIENTE S.A.S.;Horiba;APMC-370;903944;Calibrador Multigas
Servicios de Ingeniería y Ambiente S.A.S. - SERAMBIENTE S.A.S.;Horiba;APMA-370;BTW45UDA;Analizador de Monóxido de Carbono (CO)
Servicios de Ingeniería y Ambiente S.A.S. - SERAMBIENTE S.A.S.;Horiba;APNA-370;9GP1WLXF;Analizador de Óxidos de Nitrógeno (NOx/NO2/NO)
Servicios de Ingeniería y Ambiente S.A.S. - SERAMBIENTE S.A.S.;Horiba;APNA-370;LUIDJNM9;Analizador de Óxidos de Nitrógeno (NOx/NO2/NO)
Servicios de Ingeniería y Ambiente S.A.S. - SERAMBIENTE S.A.S.;Horiba;APNA-370;7G1SKY6V;Analizador de Óxidos de Nitrógeno (NOx/NO2/NO)
Servicios de Ingeniería y Ambiente S.A.S. - SERAMBIENTE S.A.S.;Horiba;APNA-370;PN625E7L;Analizador de Óxidos de Nitrógeno (NOx/NO2/NO)
Servicios de Ingeniería y Ambiente S.A.S. - SERAMBIENTE S.A.S.;Horiba;APNA-370;WNNDY8VP;Analizador de Óxidos de Nitrógeno (NOx/NO2/NO)
Servicios de Ingeniería y Ambiente S.A.S. - SERAMBIENTE S.A.S.;Horiba;APMA-370;80MDPEDV;Analizador de Monóxido de Carbono (CO)
Servicios de Ingeniería y Ambiente S.A.S. - SERAMBIENTE S.A.S.;Horiba;APMA-370;56X1BA8G;Analizador de Monóxido de Carbono (CO)
Servicios de Ingeniería y Ambiente S.A.S. - SERAMBIENTE S.A.S.;Horiba;APMA-370;PYJC6430;Analizador de Monóxido de Carbono (CO)
Servicios de Ingeniería y Ambiente S.A.S. - SERAMBIENTE S.A.S.;Horiba;APMA-370;W76EGVU9;Analizador de Monóxido de Carbono (CO)
Servicios de Ingeniería y Ambiente S.A.S. - SERAMBIENTE S.A.S.;Horiba;APSA-370;S7W5F19N;Analizador de Dióxido de Azufre (SO2)
Servicios de Ingeniería y Ambiente S.A.S. - SERAMBIENTE S.A.S.;Horiba;APSA-370;SWXXM76A;Analizador de Dióxido de Azufre (SO2)
Servicios de Ingeniería y Ambiente S.A.S. - SERAMBIENTE S.A.S.;Horiba;APSA-370;U03UYANB;Analizador de Dióxido de Azufre (SO2)
Servicios de Ingeniería y Ambiente S.A.S. - SERAMBIENTE S.A.S.;Horiba;APSA-370;YJ7AT306;Analizador de Dióxido de Azufre (SO2)
Servicios de Ingeniería y Ambiente S.A.S. - SERAMBIENTE S.A.S.;Horiba;APOA-370;YY1X01GC;Analizador de Ozono (O3)
Servicios de Ingeniería y Ambiente S.A.S. - SERAMBIENTE S.A.S.;Horiba;APOA-370;HMSBU8BK;Analizador de Ozono (O3)
Servicios de Ingeniería y Ambiente S.A.S. - SERAMBIENTE S.A.S.;Horiba;APOA-370;BD6K7Y68;Analizador de Ozono (O3)
Servicios de Ingeniería y Ambiente S.A.S. - SERAMBIENTE S.A.S.;Horiba;APSA-370;SEYU0VF5;Analizador de Dióxido de Azufre (SO2)
Servicios de Ingeniería y Ambiente S.A.S. - SERAMBIENTE S.A.S.;Horiba;APOA-370;P30R13SM;Analizador de Ozono (O3)
Servicios de Ingeniería y Ambiente S.A.S. - SERAMBIENTE S.A.S.;Grimm;EDM180C;18A18071;Monitor de Material Particulado PM10/PM2.5
Servicios de Ingeniería y Ambiente S.A.S. - SERAMBIENTE S.A.S.;Grimm;EDM180C;18A20071;Monitor de Material Particulado PM10/PM2.5
Servicios de Ingeniería y Ambiente S.A.S. - SERAMBIENTE S.A.S.;Grimm;EDM180C;18A20072;Monitor de Material Particulado PM10/PM2.5
Servicios de Ingeniería y Ambiente S.A.S. - SERAMBIENTE S.A.S.;Grimm;EDM180C;18A20127;Monitor de Material Particulado PM10/PM2.5
Servicios de Ingeniería y Ambiente S.A.S. - SERAMBIENTE S.A.S.;Grimm;EDM180C;18A21077;Monitor de Material Particulado PM10/PM2.5
Servicios de Ingeniería y Ambiente S.A.S. - SERAMBIENTE S.A.S.;Grimm;EDM180C;18A21078;Monitor de Material Particulado PM10/PM2.5
Servicios de Ingeniería y Ambiente S.A.S. - SERAMBIENTE S.A.S.;Grimm;EDM180C;18A21079;Monitor de Material Particulado PM10/PM2.5
Servicios de Ingeniería y Ambiente S.A.S. - SERAMBIENTE S.A.S.;Grimm;EDM180C;18A22003;Monitor de Material Particulado PM10/PM2.5
Servicios de Ingeniería y Ambiente S.A.S. - SERAMBIENTE S.A.S.;Grimm;EDM180C;18A22004;Monitor de Material Particulado PM10/PM2.5
Servicios de Ingeniería y Ambiente S.A.S. - SERAMBIENTE S.A.S.;Grimm;EDM180C;18A22082;Monitor de Material Particulado PM10/PM2.5
Servicios de Ingeniería y Ambiente S.A.S. - SERAMBIENTE S.A.S.;Grimm;EDM180C;18A22083;Monitor de Material Particulado PM10/PM2.5
Ser As S.A.S.;Horiba;APNA-370;A0P2CL49;Analizador de Óxidos de Nitrógeno (NOx/NO2/NO)
Ser As S.A.S.;Horiba;APSA-370;D000GC6F;Analizador de Dióxido de Azufre (SO2)
Ser As S.A.S.;Horiba;APMA-370;191TE0NC;Analizador de Monóxido de Carbono (CO)
Ser As S.A.S.;Horiba;APNA-370;W2MNFRMP;Analizador de Óxidos de Nitrógeno (NOx/NO2/NO)
Ser As S.A.S.;Horiba;APMA-370;GMBTHN2G;Analizador de Monóxido de Carbono (CO)
Ser As S.A.S.;Horiba;APOA-370;G0C005FG;Analizador de Ozono (O3)
Ser As S.A.S.;Horiba;APMA-370;G0C002FG;Analizador de Monóxido de Carbono (CO)
Ser As S.A.S.;Horiba;APNA-370;BW427SL0;Analizador de Óxidos de Nitrógeno (NOx/NO2/NO)
Ser As S.A.S.;Horiba;APNA-370;PK2C4GNB;Analizador de Óxidos de Nitrógeno (NOx/NO2/NO)
Ser As S.A.S.;Horiba;APNA-370;V17SWWDG;Analizador de Óxidos de Nitrógeno (NOx/NO2/NO)
CCA Compañía De Consultoria Ambiental Ltda.;Grimm;EDM180C;18A21056;Monitor de Material Particulado PM10/PM2.5
Ser As S.A.S.;Grimm;EDM180C;18A20033;Monitor de Material Particulado PM10/PM2.5
Servicios Geológicos Integrados S.A.S. - SGI S.A.S.;Horiba;APMA-370;TCE4CX5T;Analizador de Monóxido de Carbono (CO)
Servicios Geológicos Integrados S.A.S. - SGI S.A.S.;Horiba;APMA-370;P4B4CK60;Analizador de Monóxido de Carbono (CO)
Servicios Geológicos Integrados S.A.S. - SGI S.A.S.;Horiba;APOA-370;UUK90FA3;Analizador de Ozono (O3)
Servicios Geológicos Integrados S.A.S. - SGI S.A.S.;Horiba;APOA-370;H53MWBT2;Analizador de Ozono (O3)
Servicios Geológicos Integrados S.A.S. - SGI S.A.S.;Horiba;APNA-370;1D1F3L0U;Analizador de Óxidos de Nitrógeno (NOx/NO2/NO)
Servicios Geológicos Integrados S.A.S. - SGI S.A.S.;Horiba;APNA-370;590NNKD5;Analizador de Óxidos de Nitrógeno (NOx/NO2/NO)
Servicios Geológicos Integrados S.A.S. - SGI S.A.S.;Horiba;APNA-370;1TLF2RUY;Analizador de Óxidos de Nitrógeno (NOx/NO2/NO)
Servicios Geológicos Integrados S.A.S. - SGI S.A.S.;Grimm;EDM180C;18A18001;Monitor de Material Particulado PM10/PM2.5
Servicios Geológicos Integrados S.A.S. - SGI S.A.S.;Grimm;EDM180C;18A20070;Monitor de Material Particulado PM10/PM2.5
Servicios Geológicos Integrados S.A.S. - SGI S.A.S.;Grimm;EDM180C;18A20126;Monitor de Material Particulado PM10/PM2.5
SGS Colombia S.A.S.;Grimm;EDM180C;18A20034;Monitor de Material Particulado PM10/PM2.5
SGS Colombia S.A.S.;Grimm;EDM180C;18A20035;Monitor de Material Particulado PM10/PM2.5
SGS Colombia S.A.S.;Horiba;APMA-370;191TE0NC;Analizador de Monóxido de Carbono (CO)
SGS Colombia S.A.S.;Horiba;APMA-370;H16FP9Y8;Analizador de Monóxido de Carbono (CO)
SGS Colombia S.A.S.;Horiba;APMA-370;TW0W6GY0;Analizador de Monóxido de Carbono (CO)
Servicios de Consultoría, Ingeniería Ambiental y Sanitaria S.A.S. - SIAM INGENIERÍA S.A.S.;Horiba;AP 370 TRS;905046;Convertidor de Azufre Total Reducido (TRS)
Soluciones Ambientales - Ingeniería S.A.S.  SOLAM LABORATORIO AMBIENTAL;Horiba;OCMA-500;4RSGNU00;Medidor de grasas y aceites - agua
Tecsaam Ltda.;Horiba;SR-305;SX6W7UY5;Reciclador de solvente - agua
Tecsaam Ltda.;Horiba;OCMA-500;V70GLW5C;Medidor de grasas y aceites - agua
Universidad Nacional de Colombia;Horiba;VA-3114;UAXVLE1F;Analizador de gases multicomponente
Universidad Nacional de Colombia;Horiba;APNA-370;CVPBD194;Analizador de Óxidos de Nitrógeno (NOx/NO2/NO)
Universidad Nacional de Colombia;Horiba;APSA-370;W570KVL5;Analizador de Dióxido de Azufre (SO2)
Universidad del Valle;Horiba;U-51;EPB84VCE;Sonda multiparamétrica - Agua
Universidad Pontificia Bolivariana;Environics;6103;10882;Calibrador Multigas
Universidad Federico Santa Maria;Grimm;1.109;9G110023;Monitor de Material Particulado PM10/PM2.5
Universidad Federico Santa Maria;Grimm;1.109;9G080074;Monitor de Material Particulado PM10/PM2.5
Universidad Federico Santa Maria;Grimm;17E;7H120015;Monitor de Material Particulado PM10/PM2.5
Zero Span S.A.S.;Grimm;EDM180C;18A24063;Monitor de Material Particulado PM10/PM2.5
Zero Span S.A.S.;Grimm;EDM180C;18A24064;Monitor de Material Particulado PM10/PM2.5
Zero Span S.A.S.;Grimm;EDM180C;18A24072;Monitor de Material Particulado PM10/PM2.5
Zero Span S.A.S.;Grimm;EDM180C;18A24071;Monitor de Material Particulado PM10/PM2.5
Servicios de Ingeniería y Ambiente S.A.S. - SERAMBIENTE S.A.S;Horiba;APOA-370;YM7PXU2K;Analizador de Ozono (O3)
Serambiente;Horiba;APNA-370;TFGPSY37;Analizador de Óxidos de Nitrógeno (NOx/NO2/NO)
Servicios Geológicos Integrados S.A.S. - SGI S.A.S.;Horiba;APMA-370;Y36XD9LD;Analizador de Monóxido de Carbono (CO)
Servicios Geológicos Integrados S.A.S. - SGI S.A.S.;Horiba;APNA-370;PM3LU4HJ;Analizador de Óxidos de Nitrógeno (NOx/NO2/NO)
Sololucione ambientales - SOLAM;Horiba;OCMA-550;LH83G91P;Medidor de grasas y aceites - agua
AMBIENTALIA;Horiba;OCMA-550;M4D3R1UF;Medidor de grasas y aceites - agua
